{
  "date": "2025-12-10",
  "generated_at": "2025-12-10T17:39:42.164542Z",
  "mood_context": {
    "mood": 5,
    "fatigue": "medium",
    "time_pressure": false,
    "day_tags": null
  },
  "capacity_model": {
    "heavy": 1,
    "medium": 1,
    "light": 2
  },
  "behavior_profile": {
    "throughput_by_effort": {
      "heavy": 0,
      "medium": 0,
      "light": 0
    },
    "routine_stats": {
      "morning_reset": {
        "success_rate": 0.0,
        "attempts": 1
      },
      "evening_winddown": {
        "success_rate": 0.0,
        "attempts": 1
      }
    },
    "skip_rate_by_kind": {
      "routine": 0.0,
      "goal_task": 0.0
    },
    "section_density": {
      "any": 0.0
    },
    "momentum": {
      "priority_streak": 0,
      "rolling_completion": 0.0,
      "baseline_state": "unknown",
      "recent_misses": 0
    }
  },
  "sections": {
    "routines": [
      {
        "id": "routine-morning_reset-variant-short",
        "routine_id": "morning_reset",
        "name": "Morning Reset",
        "variant": "short",
        "section_hint": "any",
        "type": "routine",
        "status": "planned",
        "energy_profile": "low",
        "dependency_level": "low",
        "approx_duration_min": 20,
        "steps": [
          {
            "id": "routine-morning_reset-variant-short-step-hydrate",
            "label": "Hydrate",
            "status": "planned",
            "type": "routine_step",
            "energy_cost": "low",
            "friction": "low",
            "approx_duration_min": 2
          },
          {
            "id": "routine-morning_reset-variant-short-step-planning",
            "label": "3-minute intent + pick one block",
            "status": "planned",
            "type": "routine_step",
            "energy_cost": "low",
            "friction": "low",
            "approx_duration_min": 3
          },
          {
            "id": "routine-morning_reset-variant-short-step-setup",
            "label": "Open today's main doc + block distractions",
            "status": "planned",
            "type": "routine_step",
            "energy_cost": "medium",
            "friction": "medium",
            "approx_duration_min": 5
          }
        ],
        "success_bias": {
          "success_rate": 0.0,
          "attempts": 1
        }
      },
      {
        "id": "routine-evening_winddown-variant-short",
        "routine_id": "evening_winddown",
        "name": "Evening Wind-Down",
        "variant": "short",
        "section_hint": "any",
        "type": "routine",
        "status": "planned",
        "energy_profile": "low",
        "dependency_level": "low",
        "approx_duration_min": 12,
        "steps": [
          {
            "id": "routine-evening_winddown-variant-short-step-tidy",
            "label": "Quick tidy + pack one thing",
            "status": "planned",
            "type": "routine_step",
            "energy_cost": "low",
            "friction": "low",
            "approx_duration_min": 3
          },
          {
            "id": "routine-evening_winddown-variant-short-step-journal",
            "label": "2 bullets: done + next",
            "status": "planned",
            "type": "routine_step",
            "energy_cost": "low",
            "friction": "low",
            "approx_duration_min": 3
          }
        ],
        "success_bias": {
          "success_rate": 0.0,
          "attempts": 1
        }
      }
    ],
    "goal_tasks": [
      {
        "id": "goal-8-step-26",
        "type": "goal_task",
        "goal_id": 8,
        "step_id": 26,
        "label": "Research and Identify Core Features",
        "status": "planned",
        "priority": "priority",
        "effort": "light",
        "section_hint": "any",
        "energy_cost": "low",
        "friction": "low"
      },
      {
        "id": "goal-7-step-15",
        "type": "goal_task",
        "goal_id": 7,
        "step_id": 15,
        "label": "Conduct extensive user testing and iterative design improvements",
        "status": "planned",
        "priority": "priority",
        "effort": "light",
        "section_hint": "any",
        "energy_cost": "low",
        "friction": "low"
      },
      {
        "id": "insight-24-task-1",
        "type": "goal_task",
        "section": "goal_tasks",
        "section_hint": "deep-work",
        "status": "planned",
        "priority": "priority",
        "effort": "light",
        "energy": "low",
        "metadata": {
          "id": "insight-24-task-1",
          "type": "goal_task",
          "label": "Plan your top 3 priorities for the day",
          "status": "planned",
          "priority": "priority",
          "effort": "light",
          "section_hint": "deep-work",
          "energy_cost": "low",
          "source": "insight",
          "insight_id": 24
        }
      },
      {
        "id": "insight-25-task-1",
        "type": "goal_task",
        "section": "goal_tasks",
        "section_hint": "deep-work",
        "status": "planned",
        "priority": "priority",
        "effort": "light",
        "energy": "low",
        "metadata": {
          "id": "insight-25-task-1",
          "type": "goal_task",
          "label": "**Work/Study Routine:**",
          "status": "planned",
          "priority": "priority",
          "effort": "light",
          "section_hint": "deep-work",
          "energy_cost": "low",
          "source": "insight",
          "insight_id": 25
        }
      }
    ],
    "optional": [
      {
        "id": "goal-6-step-11",
        "type": "goal_task",
        "goal_id": 6,
        "step_id": 11,
        "label": "Develop a calendar app integrated into Othello",
        "status": "planned",
        "priority": "optional",
        "effort": "light",
        "section_hint": "any",
        "energy_cost": "low",
        "friction": "low"
      },
      {
        "id": "goal-8-step-27",
        "type": "goal_task",
        "goal_id": 8,
        "step_id": 27,
        "label": "Design User Interface",
        "status": "planned",
        "priority": "optional",
        "effort": "light",
        "section_hint": "any",
        "energy_cost": "low",
        "friction": "low"
      }
    ]
  },
  "_plan_source": "file"
}